-24, -38, 979
-23, -47, 985
-24, -41, 986
-26, -37, 985
-25, -50, 981
-26, -40, 982
-28, -37, 981
-25, -34, 979
-23, -38, 985
-31, -46, 984
-18, -47, 981
-27, -39, 985
-29, -48, 978
-29, -40, 994
-25, -42, 977
-28, -36, 982
-31, -40, 989
-25, -43, 984
-29, -51, 976
-26, -46, 974
-24, -44, 979
-19, -43, 984
-30, -48, 984
-30, -38, 979
-23, -43, 983
-28, -43, 988
-26, -42, 984
-22, -48, 981
-23, -41, 980
-20, -39, 982
-31, -39, 988
-27, -37, 983
-25, -50, 980
-24, -40, 987
-29, -44, 985
-20, -47, 984
-30, -45, 983
-28, -39, 981
-34, -39, 987
-31, -39, 983
-25, -42, 982
-28, -43, 991
-23, -40, 982
-22, -42, 981
-25, -47, 981
-22, -47, 985
-27, -41, 986
-27, -42, 983
-29, -45, 980
-17, -40, 980
-25, -41, 982
-20, -39, 985
-28, -41, 986
-26, -41, 982
-27, -45, 981
-30, -43, 989
-30, -45, 988
-24, -41, 976
-23, -43, 980
-23, -44, 987
-27, -40, 987
-24, -40, 985
-30, -51, 982
-27, -46, 983
-24, -44, 979
-28, -41, 988
-30, -45, 985
-23, -42, 980
-19, -44, 979
-26, -44, 990
-21, -37, 988
-30, -39, 981
-28, -39, 987
-29, -44, 985
-23, -43, 983
-27, -40, 983
-30, -41, 982
-26, -40, 986
-28, -41, 984
-27, -40, 991
-26, -41, 982
-27, -39, 980
-27, -41, 986
-30, -41, 983
-24, -39, 986
-22, -42, 992
-28, -40, 982
-22, -44, 979
-26, -41, 982
-26, -38, 983
-31, -45, 983
-24, -41, 982
-27, -46, 986
-25, -38, 988
-23, -39, 986
-25, -44, 982
-24, -37, 986
-24, -38, 982
-24, -46, 981
-23, -39, 971
-15, -48, 974
-20, -50, 983
-24, -40, 981
-28, -46, 975
-29, -39, 981
-22, -38, 978
-32, -37, 983
-29, -44, 987
-21, -39, 983
-28, -41, 986
-26, -42, 991
-25, -39, 979
-22, -40, 998
-43, -13, 975
-20, -42, 974
-32, -53, 981
-19, -52, 984
-19, -40, 980
-31, -33, 990
-30, -40, 980
238, 1497, 866
6, 647, 784
71, 71, 946
-1, -584, 1221
-430, -288, 880
-344, -410, 936
-464, -243, 1317
-90, 82, 1435
-158, 6, 745
-246, 37, 1906
-133, -62, 87
208, -8, 1168
-126, -531, 563
69, -27, 785
-233, -47, 972
-48, -248, 612
34, 152, 702
257, -459, 752
391, -445, 1025
197, -544, 994
67, -345, 1128
-27, -508, 1222
-63, -233, 1082
-166, -299, 1082
-215, -300, 781
-320, -470, 866
-275, -482, 898
-127, -462, 888
7, -477, 860
-84, -265, 1148
-60, -602, 701
-155, -822, 929
-186, -751, 1112
-161, -966, 1152
-151, -969, 1176
-196, -654, 970
-13, -803, 967
-10, -861, 1266
4, -790, 998
166, -801, 972
295, -701, 807
315, -737, 920
544, -662, 661
556, -629, 681
491, -259, 627
515, -394, 554
565, -416, 183
911, -439, 91
865, -380, -26
685, -291, -27
698, -227, -56
766, -204, -10
746, -25, -83
791, 73, -175
817, 142, -70
635, 221, -621
744, -80, -491
435, 62, -698
444, 43, -1111
446, 102, -1034
363, 144, -972
347, 111, -888
367, 177, -975
541, 94, -1014
604, 65, -1069
771, 485, -1327
529, 8, -937
109, 198, -207
-30, 90, -364
-11, 47, -545
-305, -156, -605
-577, -225, -710
-612, -183, -923
-416, -86, -977
-354, 83, -944
-394, 113, -897
-438, 96, -897
-387, 47, -884
-341, -24, -822
-331, -28, -716
-329, -75, -616
-368, -155, -383
-494, -188, -635
-546, -342, -828
-454, -428, -966
-246, -406, -866
-96, -530, -1122
253, -456, -1163
81, -478, -1036
148, -546, -1042
155, -606, -1052
163, -714, -1081
195, -748, -1132
236, -718, -1087
249, -734, -930
205, -520, -706
97, -567, -586
285, -838, -343
487, -899, -501
546, -946, -459
507, -960, -395
417, -883, -281
267, -782, -102
172, -737, 50
264, -707, 231
532, -684, 299
657, -717, 353
701, -676, 335
687, -577, 385
700, -441, 458
581, -343, 529
570, -234, 572
704, -172, 598
834, -163, 612
991, -150, 627
1041, -67, 585
1023, 27, 550
929, 128, 507
837, 174, 448
810, 185, 359
786, 201, 289
739, 285, 223
953, 333, 116
988, 466, 110
973, 571, 52
977, 636, -256
947, 686, -70
926, 700, -176
909, 693, -238
894, 685, -305
823, 710, -375
526, 703, -521
760, 665, -588
727, 639, -686
705, 642, -776
638, 654, -827
630, 667, -851
674, 686, -1518
891, 476, -1352
400, 571, -517
200, 661, -518
194, 277, -797
156, 362, -904
58, 388, -856
-95, 360, -1033
-120, 381, -975
-33, 405, -843
-16, 374, -804
-87, 212, -855
-310, -725, -2000
-429, 414, -296
-279, 359, -283
-292, -188, -709
-417, -192, -843
-458, -169, -667
-757, -192, -526
-530, -313, -494
-481, -488, -438
-460, -482, -352
-445, -521, -374
-436, -591, -433
-496, -610, -489
-685, -539, -519
-636, -642, -532
-1017, -485, -709
-689, -340, -898
-866, -521, -1010
-851, -595, -723
-516, -655, -697
-585, -647, -569
-398, -612, -373
-391, -605, -363
-359, -591, -522
-305, -336, -177
-625, -828, -1276
-801, -704, -913
-564, -912, -970
-397, -910, -804
-170, -890, -801
-20, -838, -543
-154, -728, -596
-279, -654, -335
-170, -1103, 38
-105, -1048, 97
-20, -1073, -3
84, -1048, -79
113, -1031, -148
-242, -1276, -193
-93, -1196, 174
-44, -1141, 169
-178, -1004, 290
22, -819, 356
76, -787, 365
148, -899, 350
101, -842, 318
65, -904, 327
45, -865, 352
105, -873, 468
131, -808, 490
97, -750, 625
134, -758, 700
140, -798, 725
73, -815, 746
38, -835, 627
-26, -825, 546
-96, -839, 554
-74, -807, 595
-83, -731, 692
-53, -659, 733
-30, -612, 788
26, -655, 812
38, -704, 772
10, -730, 756
-29, -736, 767
-40, -732, 791
-55, -738, 822
-23, -728, 830
0, -689, 850
5, -646, 849
14, -584, 824
24, -578, 873
62, -599, 917
95, -629, 946
109, -606, 961
119, -572, 972
97, -564, 940
103, -548, 947
108, -504, 956
116, -431, 972
131, -378, 1045
142, -352, 1028
174, -273, 1045
234, -195, 1035
510, -155, 901
262, -56, 827
235, -16, 867
240, -51, 847
243, -103, 849
222, -184, 838
241, -221, 854
212, -192, 899
217, -70, 957
62, 220, 1167
212, 70, 1118
35, 70, 945
122, -76, 1063
100, -147, 954
97, -187, 1039
166, -267, 1086
63, -400, 1039
32, -486, 1030
17, -524, 1023
20, -547, 1000
-4, -537, 962
84, -519, 935
78, -698, 913
-243, -893, 927
-62, -908, 1051
-127, -870, 1077
-127, -780, 1053
-4, -841, 890
-41, -898, 692
-41, -920, 562
-34, -1266, 423
-112, -1066, 380
-79, -1132, 346
-124, -1113, 322
-75, -1008, 293
-144, -927, 138
-223, -763, -6
-146, -701, -209
-27, -912, -346
-102, -950, -425
-280, -994, -473
-377, -973, -481
-427, -873, -494
-408, -704, -464
-3, -661, -472
-211, -641, -475
-270, -580, -764
-333, -549, -583
-351, -477, -652
-354, -403, -693
-323, -310, -698
-288, -180, -700
-259, -179, -741
-280, -124, -755
-289, -108, -786
-245, -49, -767
-322, -73, -829
-281, 45, -876
-293, 175, -883
-414, 333, -846
-370, 273, -712
-265, 380, -774
-343, 360, -690
-346, 364, -693
-332, 334, -745
-358, 366, -781
-285, 490, -759
-378, 290, -546
-410, 465, -826
-310, 506, -765
121, 434, -1772
-385, 661, -1383
-250, 785, -904
-209, 838, -938
-194, 774, -810
69, 795, -1022
124, 767, -507
239, 491, -469
-36, 1013, -591
-405, 916, -663
-348, 1087, -700
-338, 1187, -995
-130, 1504, -1010
206, 1248, -366
61, 1096, -256
81, 981, -96
25, 971, -43
23, 960, -86
94, 912, -224
179, 901, -322
240, 907, -403
218, 903, -428
127, 935, -381
191, 643, -176
202, 589, -37
229, 592, 69
363, 664, 241
431, 697, 377
496, 686, 473
561, 641, 541
643, 612, 556
619, 557, 259
534, 671, 264
461, 536, 468
485, 504, 524
598, 367, 571
650, 241, 613
672, 112, 670
667, -5, 693
630, -32, 692
577, -33, 567
713, 102, 534
800, 161, 518
818, 107, 473
753, -48, 419
647, -206, 429
549, -384, 514
494, -485, 658
491, -473, 697
473, -429, 660
432, -405, 599
415, -324, 582
401, -292, 590
382, -331, 604
387, -529, 670
453, -835, 696
763, -555, 704
525, -601, 749
557, -520, 715
583, -467, 675
481, -511, 616
429, -726, 602
646, -671, 547
644, -642, 501
633, -709, 465
679, -825, 424
732, -840, 394
747, -770, 340
696, -829, 422
702, -885, 95
684, -854, 485
664, -886, 208
656, -914, 188
695, -855, 45
663, -845, -113
667, -786, -234
687, -784, -387
639, -815, -465
525, -782, -490
472, -705, -514
450, -645, -552
464, -612, -606
492, -578, -631
540, -523, -717
554, -508, -739
557, -480, -752
593, -419, -788
544, -368, -747
589, -322, -799
628, -282, -854
262, -233, -898
428, -185, -939
428, -160, -983
395, -102, -955
345, 225, -832
344, 106, -744
346, 234, -711
373, 332, -969
354, 280, -822
413, 395, -866
444, 752, -898
496, 527, -919
613, 517, -883
707, 546, -765
729, 587, -662
667, 619, -634
648, 702, -552
586, 815, -506
489, 959, -522
489, 986, -564
573, 928, -680
267, 832, -804
281, 735, -835
47, 521, -755
16, 589, -575
109, 756, -237
-165, 724, -165
29, 851, -100
124, 853, -124
155, 843, -57
126, 875, 53
102, 929, 68
45, 991, 39
61, 1059, 19
116, 1122, -44
129, 1145, -83
77, 1140, -95
-26, 1146, -127
-43, 1114, -1
-168, 1070, -316
-230, 1130, -295
-244, 1185, -415
-504, 1198, -451
-365, 1148, -484
-520, 1143, -355
-436, 1064, -634
-440, 994, -334
-332, 916, -590
-229, 809, -730
-328, 850, -815
-339, 858, -515
-282, 870, -504
-421, 520, -411
-535, 678, -361
-525, 547, -406
-485, 426, -380
-572, 391, -345
-697, 397, -394
-717, 369, -447
-599, 373, -525
-581, 335, -599
-553, 276, -668
-577, 223, -721
-584, 180, -808
-545, 72, -876
-511, -46, -896
-428, -486, -921
-439, -379, -944
-445, -502, -817
-498, -576, -726
-557, -513, -675
-531, -527, -600
-438, -638, -531
-335, -767, -496
-251, -897, -316
-174, -781, -296
-213, -801, -221
-340, -821, -125
-425, -830, -179
-361, -911, -270
-78, -938, -296
137, -976, -368
208, -948, -379
245, -838, -335
216, -745, -393
184, -712, -510
134, -968, -635
27, -1519, -984
-7, -1224, -1156
38, -970, -1074
210, -833, -833
347, -760, -636
408, -743, -766
463, -711, -608
738, -865, -355
456, -879, -149
378, -794, -129
429, -765, 43
384, -638, -200
553, -664, -611
671, -851, -700
666, -903, -654
581, -799, -445
569, -1009, -243
520, -794, 24
538, -721, 166
642, -564, 299
1016, -456, 209
937, -424, 64
1085, -411, 85
1092, -362, 16
1048, -404, 192
944, -396, 268
845, -478, 202
738, -500, 504
695, -469, 312
716, -340, 393
775, -223, 438
884, -33, 491
917, 69, 572
945, -17, 749
842, -134, 625
822, -184, 557
675, -285, 583
576, -172, 556
481, -22, 594
568, 23, 570
648, 44, 551
666, 49, 578
630, 248, 632
577, -37, 635
549, 246, 749
260, 126, 797
517, 9, 789
557, 294, 852
587, 250, 873
562, 231, 922
523, 156, 950
466, 122, 962
430, 71, 937
350, 70, 956
256, 133, 963
176, 160, 909
121, 144, 915
36, 104, 890
-72, 51, 879
-125, -37, 895
-142, -82, 857
-147, -103, 902
-145, -47, 962
-174, 9, 1006
-269, 2, 1088
-276, 1, 1064
-314, -19, 1087
-357, -99, 1069
-415, -110, 1043
-400, -85, 974
-388, -66, 899
-411, -45, 923
-424, -68, 967
-477, -87, 995
-561, -71, 942
-606, -68, 915
-607, -56, 907
-645, -91, 915
-695, -77, 917
-686, -87, 922
-688, -69, 910
-687, -74, 854
-672, -87, 779
-647, -92, 736
-627, -85, 741
-668, -41, 772
-730, -13, 811
-797, -6, 882
-825, 8, 958
-790, -17, 1036
-736, -50, 1133
-669, -129, 1111
-608, -180, 974
-550, -200, 822
-501, -187, 775
-454, -145, 787
-454, -152, 834
-402, -103, 859
-284, -133, 836
-157, -213, 873
-31, -241, 854
34, -273, 834
128, -255, 862
230, -216, 917
334, -121, 874
462, -150, 844
622, -166, 850
738, 21, 836
774, 247, 847
529, 69, 961
737, 52, 533
749, 46, 688
1023, 69, 601
804, 33, 461
854, -256, 361
942, -118, 247
1017, -85, 142
1053, -66, 112
1020, -23, 87
971, 6, 43
931, 12, 35
852, 39, -12
794, 46, -83
872, -9, -430
959, 46, -324
946, 100, -300
960, 109, -464
792, 105, -376
782, 183, -360
856, 236, -417
808, 230, -613
700, 174, -1010
629, 149, -846
590, 203, -938
572, 272, -967
531, 366, -922
558, 408, -851
604, 448, -806
624, 445, -755
585, 410, -735
523, 406, -787
458, 411, -858
359, 408, -875
254, 457, -887
155, 534, -879
65, 277, -953
72, 339, -914
64, 239, -737
-43, 230, -550
-187, 304, -307
-205, 211, -510
-463, 158, -655
-572, 178, -944
-495, 210, -920
-315, 341, -828
-272, 497, -698
-155, 189, -521
-239, 210, -490
-452, 249, -414
-530, 214, -363
-534, 188, -474
-459, 200, -639
-480, 273, -864
-459, 340, -1070
-536, 454, -971
-622, 536, -774
-584, 769, -599
-594, 929, -422
-583, 1014, -431
-462, 967, -760
-515, 971, -475
-324, 815, -741
-114, 923, -606
-263, 995, -457
-305, 1009, -409
-301, 1127, -196
-385, 1242, -157
-536, 1263, -497
-316, 1223, -359
9, 1204, -228
131, 1208, -230
166, 1215, -160
168, 1320, -256
146, 1256, -196
-256, 1208, -464
-116, 1077, -511
-204, 958, -587
-429, 549, -927
-356, 879, -1371
-515, 710, -804
-415, 545, -948
-342, 642, -1232
-367, 660, -1027
-384, 689, -1090
-330, 645, -927
-218, 260, -788
-94, 329, -737
-32, 130, -674
-17, -56, -604
-57, -148, -520
-425, -509, -773
-224, -472, -342
-160, -334, -59
-86, -585, -27
-62, -811, -29
-69, -874, -85
-48, -892, 155
-3, -921, -64
-27, -964, -29
-18, -947, -92
49, -852, -253
-903, -852, -604
-302, -712, -460
-329, -1034, -535
-233, -963, -654
-94, -861, -628
127, -833, -555
194, -877, -561
228, -524, -510
200, -673, 135
500, -892, -282
51, -1125, -854
22, -1274, -1278
-51, -1110, -736
182, -974, -486
330, -937, -266
279, -936, 8
378, -572, 421
731, -652, 869
535, -1139, 627
329, -1149, 499
276, -1135, 355
414, -1090, 508
315, -883, 330
286, -683, 438
33, -742, 625
263, -324, 739
300, -323, 873
305, -367, 962
314, -394, 1024
280, -414, 1019
181, -369, 964
90, -268, 874
63, -130, 717
47, -62, 652
31, -10, 701
47, 73, 531
12, 79, 899
17, 103, 982
11, 94, 1040
38, 100, 1054
51, 97, 1025
23, 148, 1001
18, 187, 972
17, 224, 978
48, 278, 959
48, 294, 1272
79, 332, 1113
104, 343, 1201
131, 311, 1256
178, 257, 1255
188, 184, 1212
207, 164, 1231
210, 185, 1289
231, 226, 1338
243, 223, 1332
230, 103, 1259
233, -54, 1179
270, -227, 1100
287, -368, 1044
303, -445, 995
322, -492, 944
310, -551, 862
300, -582, 786
252, -596, 743
237, -618, 677
266, -690, 625
282, -762, 560
281, -827, 500
270, -860, 418
255, -861, 357
236, -811, 299
226, -817, 229
141, -837, 171
112, -862, 56
173, -846, -81
186, -909, -84
132, -872, -497
126, -868, -312
72, -821, -350
38, -752, -425
-8, -684, -493
-26, -611, -580
-99, -564, -724
-152, -593, -931
-128, -557, -1056
-85, -583, -1091
-85, -564, -781
-64, -490, -954
-152, -437, -879
-197, -375, -797
-309, -377, -734
-314, -352, -691
-297, -317, -716
-5, -486, -708
-291, -374, -806
-324, -384, -898
-372, -314, -964
-493, -252, -894
-528, -119, -527
-490, 3, -523
-421, -2, -873
-488, -30, -920
-425, -9, -998
-451, -92, -998
-486, -145, -932
-578, -92, -757
-778, -8, -585
-933, 109, -562
-1034, 510, -620
-1045, 367, -636
-1024, 297, -687
-982, 272, -671
-539, 129, -671
-856, -145, -514
-1120, -232, -304
-1173, -198, -441
-1118, -40, -466
-1234, 7, -459
-1157, 143, -464
-773, 241, -437
-926, 322, -428
-922, 356, -375
-988, 339, -372
-997, 328, -375
-969, 322, -376
-883, 296, -384
-837, 321, -373
-796, 361, -339
-819, 331, -294
-806, 281, -237
-830, 205, -182
-830, 114, -76
-780, 105, -5
-760, 135, 34
-793, 243, 39
-798, 291, 72
-785, 431, 158
-798, 534, 505
-869, 520, 709
-520, 408, 608
-687, 410, 494
-804, 283, 577
-907, 177, 366
-1010, 174, 412
-984, 296, 362
-903, 313, 423
-833, 342, 475
-861, 358, 473
-932, 368, 577
-769, 351, 652
-1027, 266, 617
-772, 212, 583
-1042, 186, 498
-1082, 182, 408
-878, 40, 379
-773, -26, 380
-664, -84, 460
-714, -115, 572
-772, -199, 599
-515, -170, 623
-645, -240, 676
-521, -239, 660
-500, -137, 700
-499, -60, 835
-471, -61, 858
-530, -182, 842
-466, -251, 765
-434, -334, 725
-413, -362, 745
-411, -362, 817
-441, -380, 897
-515, -429, 945
-490, -513, 912
-403, -578, 864
-88, -647, 843
-286, -585, 727
-222, -626, 716
-275, -663, 742
-220, -674, 1000
-71, -714, 789
71, -810, 833
95, -891, 912
41, -801, 873
87, -658, 932
199, -523, 1001
139, -588, 951
163, -566, 888
199, -615, 778
249, -596, 739
239, -570, 719
246, -526, 749
304, -498, 824
310, -446, 829
396, -315, 826
472, -332, 798
536, -432, 839
573, -494, 824
537, -570, 774
636, -265, 821
625, -341, 848
596, -205, 913
623, -135, 911
708, -158, 863
759, -212, 810
750, -300, 748
762, -375, 674
773, -404, 580
794, -384, 527
786, -343, 477
777, -333, 450
728, -371, 416
757, -380, 407
824, -367, 432
897, -373, 439
902, -365, 464
892, -332, 438
831, -300, 399
797, -286, 310
817, -269, 173
820, -266, 72
852, -209, 34
868, -202, 1
863, -209, -7
784, -2, -21
854, -111, 35
885, -102, -44
940, -166, -137
980, -199, -291
1009, -201, -413
963, -207, -537
877, -273, -538
883, -219, -275
819, -172, -469
781, -78, -435
810, 46, -420
826, 72, -418
833, 81, -495
781, 25, -582
742, -20, -648
708, -13, -697
613, -80, -994
625, -2, -692
644, 64, -633
659, 95, -686
564, 23, -817
435, -18, -921
377, -33, -953
348, -58, -919
328, -30, -841
282, -13, -791
8, -121, -795
226, -168, -873
212, -134, -1226
116, -25, -973
16, -53, -1012
-75, -97, -1112
-94, -142, -1136
-68, -133, -1112
-26, -74, -1020
-25, -55, -869
-76, -107, -695
-131, -124, -631
-217, -124, -700
-259, -178, -851
-301, -219, -1060
-350, -215, -1192
-286, -207, -1533
-197, -1, -1238
-153, -297, -1137
-158, -313, -972
-131, -209, -918
-128, -106, -900
-210, -223, -982
-219, -247, -1018
-137, -504, -1100
-135, -217, -1154
-198, -287, -1179
-180, -432, -1103
-144, -461, -1060
-129, -428, -971
-125, -340, -903
-45, -249, -910
50, -242, -1053
-113, -272, -1382
-194, -252, -1282
187, -489, -1249
85, -286, -872
59, -350, -689
189, -405, -837
249, -522, -1032
220, -579, -1080
196, -554, -1056
132, -505, -1063
43, -409, -1122
27, -300, -1147
-1, -211, -1126
-41, -147, -1089
-94, -121, -1058
-222, -108, -1109
-412, -80, -1179
-440, 23, -1225
-494, 94, -1067
-258, 143, -907
-465, 164, -862
-473, 135, -863
-447, 122, -916
-387, 75, -962
-402, 20, -1038
-570, -64, -1093
-708, -57, -1047
-777, 11, -916
-723, 106, -822
-700, 134, -1003
-653, 256, -517
-638, 290, -618
-692, 313, -722
-788, 301, -798
-867, 287, -840
-857, 331, -529
-765, 385, -642
-741, 354, -629
-773, 359, -490
-666, 391, -391
-652, 423, -311
-780, 405, -314
-817, 393, -306
-817, 399, -332
-821, 371, -374
-808, 312, -426
-704, 242, -541
-630, 192, -600
-651, 182, -497
-602, 241, -350
-714, 210, -2
-838, 89, -343
-855, -52, -557
-811, -121, -679
-744, -89, -570
-733, -89, -439
-750, -83, -358
-762, -131, -362
-757, -164, -440
-679, -262, -681
-590, -417, -814
-645, -459, -739
-638, -431, -650
-625, -412, -628
-616, -397, -572
-616, -400, -489
-622, -424, -493
-623, -447, -574
-552, -523, -723
-491, -628, -841
-411, -678, -847
-374, -659, -803
-326, -617, -749
-204, -502, -630
-71, -390, -260
71, -320, -542
185, -276, -708
311, -307, -938
395, -328, -1077
480, -302, -780
551, -218, -908
621, -166, -801
660, -143, -516
676, -137, -831
665, -123, -917
705, -51, -923
690, 23, -839
737, 113, -799
747, 176, -726
728, 235, -731
683, 337, -728
630, 418, -707
695, 486, -661
724, 528, -591
861, 498, -264
841, 408, -649
915, 236, -881
777, 219, -923
984, -21, -583
888, 238, -101
762, 629, -128
660, 669, -21
567, 608, -263
556, 478, -418
562, 393, -463
808, 318, -574
956, 21, -669
921, 219, -762
908, 212, -853
833, 247, -833
716, 318, -686
595, 416, -478
510, 474, -307
443, 539, -245
391, 601, -260
427, 585, -375
543, 581, -484
682, 637, -461
727, 655, -524
596, 602, -669
536, 627, -673
474, 640, -585
486, 743, -590
405, 773, -453
289, 864, -191
359, 952, -122
185, 1011, -133
110, 1019, -334
145, 1046, -423
299, 1163, -470
277, 1254, -364
192, 1196, -375
112, 1120, -376
90, 1078, -413
62, 1070, -427
73, 1085, -461
153, 1018, -700
161, 969, -722
172, 885, -82
177, 865, -184
121, 849, -91
30, 860, -254
-30, 852, 66
-91, 866, 119
-148, 876, 129
-166, 853, 116
-180, 848, 106
-210, 878, 71
-250, 901, 26
-244, 888, -7
-229, 835, -22
-239, 791, -45
-510, 707, 253
-333, 681, 37
-486, 730, 18
-635, 880, -10
-695, 970, -42
-694, 940, -86
-598, 883, -101
-494, 693, -116
-580, 281, -132
-1129, 238, 178
-1763, -357, -573
-1313, 458, -748
-908, 674, -739
-727, 1034, -160
-1156, 896, -106
-1401, 840, -290
-775, 862, -238
-943, 865, 151
-722, 922, 477
-485, 884, 679
-579, 814, 530
-866, 603, 308
-966, 353, 156
-800, 89, 491
-612, -507, 268
-611, -617, 219
-498, -751, 136
-394, -808, 41
-754, -833, 235
-631, -530, 746
-773, -994, 568
-752, -1194, 402
-580, -740, 21
-825, -953, -300
-1002, -1039, -200
-1021, -675, 187
-1055, -631, 238
-983, -680, 139
-900, -822, -42
-799, -909, -190
-638, -864, -143
-521, -677, -57
-590, -25, 27
-842, -66, -39
-977, 16, -113
-939, 117, -209
-783, 374, 1
-709, -244, -341
-583, 184, -187
-787, 517, -206
-1170, 835, -160
-1273, 695, -347
-950, 723, -118
-817, 580, -132
-622, 468, 47
-307, 460, 188
-83, 516, 244
-8, 1008, 92
-138, 958, -127
-478, 1055, -664
-296, 1081, -415
-247, 1098, -192
-242, 928, -85
-83, 813, 12
30, 753, 91
97, 811, 115
104, 952, -12
69, 1036, -69
37, 1048, -123
37, 1025, -190
83, 994, -185
106, 872, -140
147, 513, -106
216, 766, -81
279, 863, -78
283, 1003, -8
338, 1036, -135
358, 1081, -179
318, 1067, -305
242, 1085, -342
176, 1150, -208
180, 1218, 250
212, 1245, 116
247, 1244, 70
510, 1266, 28
268, 1293, 72
228, 1259, 94
149, 1172, 157
125, 1056, 192
210, 785, 246
155, 939, 324
104, 750, 257
-61, 818, 231
-371, 812, 165
-628, 611, -237
-835, 510, -207
-1126, 97, -456
-1384, 187, -520
-1342, 255, -317
-1246, 49, -175
-1309, 528, -38
-1091, 584, 77
-974, 495, 63
-1029, -100, -280
-1268, 32, -236
-1151, 28, -220
-907, -36, -141
-676, -201, -264
-550, -267, -281
-471, -312, -223
-766, -410, -147
-671, -517, -73
-812, -530, -43
-840, -566, 25
-802, -579, -8
-672, -620, -168
-485, -715, -760
-326, -883, -696
-211, -892, -745
-88, -906, -671
-52, -963, -498
-86, -973, -322
-177, -939, -184
-511, -989, -109
-253, -997, -46
-136, -993, -39
-30, -1037, -33
40, -1039, 42
57, -1081, 124
62, -1135, 178
80, -1155, 155
121, -1165, 121
140, -1146, 112
145, -1159, 125
171, -1068, 160
202, -1084, 217
256, -774, 312
319, -947, 347
418, -975, 333
483, -1037, 355
466, -959, 366
498, -982, 350
-903, -1884, 167
610, -847, 16
208, -1030, 84
130, -1149, 172
71, -1121, 178
32, -1083, 144
-129, -772, 103
127, -856, 95
254, -784, -213
-913, -1466, -829
-438, -1265, -447
-65, -909, -418
305, -1346, -389
126, -1079, -432
-485, -655, 642
-244, -1864, -871
677, -896, -363
472, -726, -643
690, -558, -553
540, -406, -562
430, -386, -541
311, -433, -536
236, -380, -460
172, -716, -172
502, -133, -332
630, -651, -431
729, -456, -442
726, -468, -757
679, -435, -572
654, -383, -560
675, -321, -450
763, -245, -372
802, -199, -370
855, -146, -417
931, -56, -465
982, 18, -522
1020, 80, -576
1007, 125, -595
971, 154, -603
927, 180, -549
935, 258, -757
985, 318, -500
1035, 353, -580
1043, 390, -651
995, 371, -691
808, 322, -712
620, 307, -674
478, 304, -584
383, 343, -573
337, 382, -665
379, 396, -801
385, 401, -838
335, 405, -518
232, 389, -647
166, 380, -601
117, 355, -630
127, 367, -688
164, 368, -798
200, 348, -858
179, 328, -854
84, 302, -767
-33, 315, -270
-100, 383, -275
-101, 419, -237
-176, 702, -423
12, 1223, -914
-170, 1288, -293
-405, 1309, -495
-406, 1261, -541
-443, 1201, -550
-378, 1020, -588
-281, 894, -617
-324, 838, -670
-479, 900, -554
-553, 1009, -534
-706, 1110, -501
-840, 1170, -429
-869, 1159, -423
-700, 1039, -471
-477, 855, -517
-366, 1018, -731
-351, 793, -390
-464, 958, -239
-1200, 939, 217
-518, 772, 42
-428, 805, -142
-611, 681, -337
-673, 582, -388
-1024, 649, -394
-839, 876, -295
-830, 882, -230
-850, 763, -197
-855, 617, -174
-885, 485, -201
-951, 375, -273
-978, 310, -298
-988, 327, -276
-959, 352, -225
-887, 353, -158
-886, 273, -145
-894, 181, -193
-926, 138, -246
-951, 61, -310
-950, 49, -346
-896, 155, -302
-856, 247, -256
-753, 191, -185
-704, 8, -124
-677, -235, -78
-674, -500, -274
-799, -647, -536
-832, -684, -604
-718, -562, -538
-538, -551, -500
-457, -557, -415
-297, -582, -243
-191, -657, -158
-105, -781, -85
-76, -829, -69
-49, -949, -130
-80, -1039, -325
-92, -1068, -350
-124, -991, -132
-59, -831, 99
245, -854, 495
175, -943, 290
239, -1016, 250
9, -1025, 106
221, -1103, -256
332, -1030, 148
443, -950, 298
510, -966, 330
564, -1009, 377
593, -911, 337
615, -709, 244
668, -661, 177
747, -822, 31
726, -957, -150
679, -987, -299
584, -973, -433
536, -804, -497
550, -584, -267
593, -462, -530
661, -374, -505
692, -320, -550
674, -241, -620
652, -208, -739
638, -212, -898
644, -204, -1004
677, -169, -1013
692, -111, -965
658, -43, -910
625, 64, -819
644, 146, -520
602, 172, -807
492, 143, -921
479, 115, -954
456, 133, -927
374, 225, -862
284, 376, -820
176, 539, -767
109, 687, -758
93, 775, -787
81, 850, -825
137, 892, -826
106, 874, -775
-34, 844, -684
-146, 800, -601
-147, 825, -761
-70, 847, -486
-5, 844, -301
-156, 881, -166
-275, 946, -83
-202, 1023, 249
-231, 1020, 7
-333, 775, 28
-397, 961, 22
-10, 855, 153
-243, 698, 275
-359, 269, 346
-442, 422, 362
-439, 464, 415
-359, 569, 446
-368, 706, 765
-455, 930, 601
-417, 988, 655
-346, 855, 676
-448, 633, 647
-522, 559, 635
-534, 586, 593
-466, 645, 651
-433, 633, 663
-422, 632, 778
-353, 670, 866
-316, 622, 984
-365, 616, 1279
-410, 550, 973
-465, 766, 863
-451, 568, 796
-545, 562, 649
-511, 543, 605
-461, 534, 635
-458, 517, 685
-515, 382, 696
-593, 269, 677
-695, 219, 579
-783, 214, 488
-828, 312, 401
-831, 529, 368
-763, 624, 300
-729, 628, 343
-767, 268, 378
-792, 349, 378
-870, 197, 395
-998, 244, 418
-987, 60, 358
-957, 142, 233
-885, 286, 154
-925, 375, -83
-880, 327, -182
-995, 188, -231
-1022, -246, -221
-987, -83, -209
-937, -158, -141
-912, -244, -29
-780, -203, -505
-804, -84, -763
-799, -121, -985
-781, -274, -1264
-734, -519, -1263
-670, -629, -607
-486, -736, -638
-445, -453, -726
-685, -315, -960
-866, -214, -1210
-851, -490, -1058
-716, -360, -977
-650, -482, -554
-342, -876, -536
-416, -1103, -524
-497, -1005, -745
-574, -906, -914
-480, -825, -987
-412, -515, -890
-383, -658, -778
-341, -613, -661
-307, -557, -611
-276, -416, -601
-182, -294, -478
-31, -302, -393
190, -373, -383
266, -359, -447
177, -426, -541
500, -538, -537
242, -414, -654
72, -309, -833
113, -687, -722
269, -143, -799
229, -178, -642
434, -102, -681
755, -227, -695
573, -351, -788
676, -413, -749
714, -254, -808
803, -78, -908
924, -63, -738
925, -138, -586
723, -90, -515
508, -40, -494
577, 70, -541
790, 196, -642
892, 370, -641
750, 365, -571
665, 325, -490
611, 216, -456
614, 127, -309
783, 299, -387
852, 458, -238
877, 597, -33
830, 718, -182
795, 647, -270
746, 536, -496
642, 493, -181
610, 491, -171
876, 624, 69
632, 933, 590
604, 1005, 308
739, 898, 103
736, 874, 178
690, 516, 185
465, 657, 181
10, 656, 131
117, 735, 110
19, 867, 505
71, 981, 405
131, 1033, 453
141, 1033, 414
141, 1021, 436
175, 1000, 453
178, 935, 496
224, 902, 477
202, 867, 395
68, 829, 294
14, 797, 158
48, 802, 53
148, 861, 60
258, 937, 122
349, 934, 107
378, 856, 52
338, 814, -135
292, 873, -164
395, 918, -181
430, 935, -248
498, 952, -229
636, 948, -191
743, 945, -173
833, 972, -221
803, 919, -261
762, 894, -510
734, 889, -241
831, 903, -208
995, 890, -221
1094, 823, -279
1131, 759, -349
1092, 742, -367
1001, 741, -408
922, 723, -457
811, 701, -448
739, 649, -446
725, 259, -471
751, 349, -539
845, 203, -676
956, 108, -862
1000, 58, -948
943, 232, -991
516, 268, -783
598, 255, -1028
536, 67, -1068
484, -74, -1066
526, -197, -1062
565, -185, -896
595, -181, -727
575, -242, -694
551, -297, -676
549, -353, -725
552, -457, -754
580, -519, -750
584, -544, -727
549, -611, -635
504, -666, -580
418, -682, -393
350, -662, -126
251, -655, 10
132, -670, 117
24, -681, 233
-4, -655, 372
-36, -617, 501
-62, -600, 598
-67, -583, 720
-77, -596, 816
-85, -632, 900
-81, -630, 971
-29, -596, 1024
-9, -594, 1029
16, -586, 1041
10, -596, 1033
56, -580, 1015
86, -625, 1062
156, -634, 1180
205, -567, 1297
255, -582, 1347
281, -646, 1343
304, -642, 1268
351, -694, 1144
382, -732, 1004
378, -777, 781
352, -832, 574
343, -853, 319
377, -874, 94
443, -826, -186
476, -964, -761
562, -1024, -535
642, -851, -979
615, -1054, -1139
638, -969, -1176
686, -877, -959
726, -631, -630
688, -257, -414
507, -569, -456
293, -670, -599
109, -720, -756
-22, -557, -826
-139, -597, -833
-169, -532, -817
-217, -508, -767
-292, -553, -1010
-4, -648, -701
-153, -403, -487
-211, -332, -401
-437, -498, -270
-278, -392, -174
-446, -253, -117
-864, -494, -12
-815, -556, -492
-626, -262, -273
-624, -446, -274
-636, -474, -4
-597, -418, -253
-593, -410, -266
-645, -442, -336
-729, -447, -379
-795, -405, -342
-843, -315, -302
-877, -264, -291
-903, -237, -333
-962, -217, -425
-980, -174, -466
-977, -74, -416
-946, 72, -365
-880, 108, -472
-872, 20, -597
-846, -13, -790
-767, -7, -992
-667, -246, -1239
-583, -28, -1423
-551, -52, -1524
-520, -85, -1516
-493, -73, -1377
-416, -83, -1209
-304, -121, -1075
-86, -143, -875
88, -135, -668
506, -191, -628
431, -336, -665
524, -464, -693
658, -546, -783
752, -587, -721
779, -600, -554
736, -617, -360
662, -584, -153
600, -502, 29
591, -414, 117
672, -337, 71
754, -321, -36
804, -526, -255
515, -538, -154
590, -507, -45
434, -576, 138
309, -543, 433
282, -513, 563
421, -589, 553
490, -668, 479
505, -719, 462
434, -718, 555
357, -694, 630
308, -657, 684
6, -640, 714
203, -620, 722
131, -589, 712
57, -618, 709
75, -556, 761
40, -578, 799
20, -565, 789
17, -526, 761
16, -512, 607
-60, -552, 439
-196, -469, 385
-394, -342, 421
-1099, -489, 772
-928, 303, 1162
-912, 311, 1498
-825, 84, 1565
-743, -66, 1444
-581, -72, 1251
-431, -115, 1086
-319, -146, 943
-264, -146, 888
-293, -142, 868
-377, -110, 906
-438, -26, 975
-408, 53, 1031
-277, 116, 1075
-201, 88, 1133
-183, 53, 1207
-218, 88, 1269
-322, 84, 1329
-446, 81, 1358
-478, 130, 1259
-365, 201, 1130
-220, 206, 1057
-93, 163, 999
-26, 128, 968
-19, 93, 1003
-256, 98, 1045
22, 180, 1074
84, 260, 1110
183, 238, 1110
298, 105, 1049
416, 8, 968
512, -42, 862
620, -51, 644
675, -115, 581
707, -208, 325
761, -224, 490
798, -92, 429
814, -47, 320
866, 60, 301
921, 244, -18
1018, -76, -507
1072, -396, -351
1124, -293, -588
1103, -227, -469
785, -152, -393
950, -96, -441
964, -115, -585
967, -63, -624
915, -38, -683
811, -19, -717
695, 241, -811
545, -18, -873
461, -241, -907
372, -58, -907
319, -53, -904
233, -107, -883
164, -96, -845
95, -96, -844
16, -83, -849
-71, -105, -862
-149, -133, -921
-195, -168, -907
-237, -187, -831
-223, -172, -518
-249, -229, -749
-279, -273, -757
-300, -300, -781
-347, -332, -889
-401, -325, -1027
-413, -312, -1201
-423, -314, -1266
-390, -341, -1245
-390, -283, -1083
-388, -260, -917
-373, -341, -790
-343, -360, -773
-290, -389, -874
-274, -492, -1003
-276, -594, -1079
-511, -626, -967
-237, -578, -840
-206, -514, -684
-171, -462, -563
-99, -479, -521
-61, -590, -539
-27, -699, -531
6, -751, -418
51, -745, -228
131, -700, 2
225, -626, 205
294, -638, 362
322, -624, 458
314, -668, 504
310, -640, 520
301, -627, 609
234, -591, 729
142, -514, 812
63, -439, 942
-8, -362, 1031
-62, -295, 1085
-82, -252, 1105
-122, -236, 1185
-144, -205, 1268
-186, -193, 1353
-232, -214, 1370
-6, -247, 1332
-180, -205, 1249
-103, -168, 1187
-64, -208, 1157
-52, -274, 1156
244, -299, 1181
56, -340, 1203
188, -370, 1217
310, -398, 1243
429, -400, 1257
480, -422, 1264
469, -552, 1233
446, -593, 1167
424, -565, 1046
414, -550, 907
409, -566, 750
394, -594, 602
385, -644, 470
357, -704, 345
341, -677, 210
320, -659, 70
268, -724, -165
179, -898, -440
121, -816, -598
143, -800, -726
168, -803, -743
213, -752, -736
193, -725, -812
101, -772, -905
-173, -953, -1280
-28, -875, -999
119, -535, -719
62, -406, -611
-72, -552, -734
-188, -638, -833
-260, -609, -869
-308, -534, -858
-362, -448, -856
-390, -371, -882
-444, -402, -966
-500, -455, -997
-497, -420, -946
-257, -386, -860
-532, -356, -795
-577, -355, -760
-610, -347, -734
-612, -330, -676
-640, -288, -663
-679, -241, -676
-709, -178, -690
-726, -132, -717
-798, -149, -816
-818, -160, -820
-721, -80, -662
-605, -85, -541
-551, -73, -765
-573, 77, -759
-635, 200, -579
-813, 0, -642
-927, 289, -587
-934, 333, -437
-840, 372, -336
-694, 363, -322
-572, 328, -296
-474, 366, -239
-437, 456, -207
-470, 618, -222
-516, 771, -291
-698, 744, -418
-757, 843, -429
-743, 801, -274
-606, 858, -76
-469, 846, -12
-419, 781, -20
-391, 733, -32
-362, 686, 251
-335, 705, 62
-308, 760, 150
-355, 810, 135
-399, 865, 100
-440, 889, 79
-420, 892, 105
-401, 931, 211
-370, 924, 333
-318, 871, 450
-304, 820, 564
-266, 827, 614
-198, 856, 547
-224, 525, 12
-393, 642, 50
-387, 617, 79
-1, 703, 296
-120, 700, 437
51, 674, 529
-138, 750, 670
-190, 903, 829
-197, 981, 838
-218, 911, 649
-138, 807, 422
35, 740, 259
132, 734, 128
-46, 839, 63
-117, 940, 40
-171, 970, 10
-178, 1024, 13
-76, 1046, 103
67, 1052, 173
202, 1053, 156
249, 976, 51
245, 875, -81
259, 825, -139
298, 833, -132
361, 873, -146
419, 874, -195
469, 864, -289
541, 846, -355
559, 767, -440
558, 650, -458
602, 641, -416
637, 668, -336
708, 691, -300
756, 681, -302
808, 682, -316
835, 602, -371
828, 486, -463
820, 410, -522
872, 389, -534
951, 370, -540
1008, 367, -547
1080, 348, -530
1129, 291, -512
1113, 243, -492
1047, 109, -492
976, 41, -487
930, 34, -444
936, 99, -343
963, 166, -299
958, 127, -264
937, -5, -184
880, -139, -138
815, -223, -100
734, -216, -91
673, -192, -68
635, -131, -10
660, -122, 57
666, -173, 112
626, -331, 111
543, -466, 108
439, -502, 208
372, -429, 353
348, -347, 485
384, -316, 568
435, -357, 262
412, -514, 414
379, -612, 352
250, -613, 427
150, -263, 589
76, -428, 700
87, -320, 793
158, -331, 843
242, -421, 860
322, -436, 907
350, -473, 1013
327, -472, 1063
214, -489, 1046
67, -447, 768
-40, -327, 987
-50, -254, 953
-66, -261, 970
-39, -8, 1013
-4, -286, 1104
16, -327, 1188
36, -309, 1239
43, -296, 1242
60, -1, 1178
89, -243, 1096
131, -218, 1278
182, -218, 993
178, -240, 992
149, -250, 1033
117, -234, 1079
86, -225, 1117
86, -193, 1123
118, -149, 1086
136, -162, 1048
151, -170, 1033
129, -205, 1037
